<?xml version="1.0" encoding="UTF-8"?>

<mule xmlns:s3="http://www.mulesoft.org/schema/mule/s3" xmlns:file="http://www.mulesoft.org/schema/mule/file" xmlns:dw="http://www.mulesoft.org/schema/mule/ee/dw" xmlns:http="http://www.mulesoft.org/schema/mule/http" xmlns="http://www.mulesoft.org/schema/mule/core" xmlns:doc="http://www.mulesoft.org/schema/mule/documentation"
	xmlns:spring="http://www.springframework.org/schema/beans" 
	xmlns:xsi="http://www.w3.org/2001/XMLSchema-instance"
	xsi:schemaLocation="http://www.springframework.org/schema/beans http://www.springframework.org/schema/beans/spring-beans-current.xsd
http://www.mulesoft.org/schema/mule/http http://www.mulesoft.org/schema/mule/http/current/mule-http.xsd
http://www.mulesoft.org/schema/mule/ee/dw http://www.mulesoft.org/schema/mule/ee/dw/current/dw.xsd
http://www.mulesoft.org/schema/mule/core http://www.mulesoft.org/schema/mule/core/current/mule.xsd
http://www.mulesoft.org/schema/mule/file http://www.mulesoft.org/schema/mule/file/current/mule-file.xsd
http://www.mulesoft.org/schema/mule/s3 http://www.mulesoft.org/schema/mule/s3/current/mule-s3.xsd">
	<http:listener-config name="HTTP_Listener_Configuration" host="0.0.0.0" port="8083" doc:name="HTTP Listener Configuration"/>
	<http:request-config name="HTTP_Request_Configuration" protocol="HTTPS" host="anypoint.mulesoft.com" port="443" doc:name="HTTP Request Configuration" />
	<http:request-config name="ApiManagerApps" protocol="HTTPS" host="anypoint.mulesoft.com" port="443" doc:name="HTTP Request Configuration" basePath="#[flowVars.apiManagerAppsPath]" />
	<http:request-config name="PolicyDetails" protocol="HTTPS" host="anypoint.mulesoft.com" port="443" basePath="#[flowVars.policyDetailsUrl]" doc:name="HTTP Request Configuration"/>
	<file:connector name="File"   autoDelete="true" streaming="true" validateConnections="true" doc:name="File"/>
	<asynchronous-processing-strategy name="Asynchronous_Processing_Strategy" poolExhaustedAction="WAIT" doc:name="Asynchronous Processing Strategy"/>
	<flow name="RuntimeManagerFlow">
		<http:listener config-ref="HTTP_Listener_Configuration" path="/runtimeManager" doc:name="HTTP"/>
		<set-variable variableName="envName" value="#[message.inboundProperties.'http.query.params'. envName]" doc:name="envName"/>
		<http:request config-ref="HTTP_Request_Configuration" path="/accounts/login" method="POST" doc:name="accesstoken"/>
		<dw:transform-message doc:name="Transform Message">
			<dw:set-variable variableName="access_token"><![CDATA[%dw 1.0
%output application/java
%var access_token= payload.access_token
---
"Bearer " ++ access_token]]></dw:set-variable>
		</dw:transform-message>
		<http:request config-ref="HTTP_Request_Configuration" path="/accounts/api/organizations/80b9d969-5f1f-4d34-9e3d-9318f1ad915a/environments" method="GET" doc:name="ENV details">
			<http:request-builder>
				<http:header headerName="Authorization" value="#[flowVars.access_token]"/>
				<http:header headerName="Content-Type" value="application/json"/>
			</http:request-builder>
		</http:request>
		<dw:transform-message doc:name="Transform Message">
			<dw:input-payload doc:sample="sample_data\json_3.json"/>
			<dw:set-variable variableName="environmentId"><![CDATA[%dw 1.0
%output application/java
%var envid= flatten (payload.data map ((data, indexofdata) -> {
	
	(id: data.id) when data.name == flowVars.envName
		
	} filter data!={})) reduce $$
	
---
envid.id
	]]></dw:set-variable>
			<dw:set-variable variableName="organizationId"><![CDATA[%dw 1.0
%output application/java
%var orgid=flatten (payload.data map ((data, indexofdata) -> {
	
	(orgid: data.organizationId) when data.name == flowVars.envName
		
	} filter data!={})) reduce $$
---
orgid.orgid
	]]></dw:set-variable>
		</dw:transform-message>
		<http:request config-ref="HTTP_Request_Configuration" path="/armui/api/v1/applications" method="GET" doc:name="RuntimeApplicationDetails">
			<http:request-builder>
				<http:header headerName="Content-Type" value="application/json"/>
				<http:header headerName="X-ANYPNT-ENV-ID" value="#[flowVars.environmentId]"/>
				<http:header headerName="X-ANYPNT-ORG-ID" value="#[flowVars.organizationId]"/>
				<http:header headerName="Authorization" value="#[flowVars.access_token]"/>
			</http:request-builder>
		</http:request>
		<dw:transform-message doc:name="Transform Message">
			<dw:input-payload doc:sample="sample_data\json_2.json"/>
			<dw:set-payload><![CDATA[%dw 1.0
%output application/csv header=true
---
 payload.data map ((data, indexofdata) -> {
	
	"APIName": data.artifact.name,
	"ArtefactID": data.artifact.fileName,
	"Status": data.lastReportedStatus,
	"UpTime": data.uptime
		
	})
	
]]></dw:set-payload>
		</dw:transform-message>
		<file:outbound-endpoint path="${FilePath}" outputPattern="RuntimeManagerApplicationDetails.csv" connector-ref="File" responseTimeout="10000" doc:name="File"/>

		<logger level="INFO" doc:name="Logger"/>
	</flow>
	<flow name="APIManagerFlow">
		<http:listener config-ref="HTTP_Listener_Configuration" path="/apiManager" doc:name="HTTP"/>
		<set-variable variableName="envName" value="#[message.inboundProperties.'http.query.params'. envName]" doc:name="envName"/>
		<http:request config-ref="HTTP_Request_Configuration" path="/accounts/login" method="POST" doc:name="accesstoken"/>
		<dw:transform-message doc:name="Transform Message">
			<dw:set-variable variableName="access_token"><![CDATA[%dw 1.0
%output application/java
%var access_token= payload.access_token
---
"Bearer " ++ access_token]]></dw:set-variable>
		</dw:transform-message>
		<http:request config-ref="HTTP_Request_Configuration" path="/accounts/api/organizations/80b9d969-5f1f-4d34-9e3d-9318f1ad915a/environments" method="GET" doc:name="ENV details">
			<http:request-builder>
				<http:header headerName="Authorization" value="#[flowVars.access_token]"/>
				<http:header headerName="Content-Type" value="application/json"/>
			</http:request-builder>
		</http:request>
		<dw:transform-message doc:name="Transform Message">
			<dw:input-payload doc:sample="envDetailsRuntimeManager.json" mimeType="application/json"/>
			<dw:set-variable variableName="envid"><![CDATA[%dw 1.0
%output application/json

%var envid =  flatten (payload.data map ((data, indexofdata) -> {
	
	(envid: data.id) when data.name == flowVars.envName
		
	} filter data!={})) reduce $$
---

envid]]></dw:set-variable>
		</dw:transform-message>
		<dw:transform-message doc:name="Transform Message">
			<dw:set-variable variableName="apiManagerAppsPath"><![CDATA[%dw 1.0
%output application/java
---
"/apimanager/api/v1/organizations/80b9d969-5f1f-4d34-9e3d-9318f1ad915a/environments/" ++ flowVars.envid]]></dw:set-variable>
		</dw:transform-message>
		<http:request config-ref="ApiManagerApps" path="/apis" method="GET" doc:name="ApiMangerApplicationDetails">
			<http:request-builder>
				<http:header headerName="Content-Type" value="application/json"/>
				<http:header headerName="Authorization" value="#[flowVars.access_token]"/>
			</http:request-builder>
		</http:request>
		<dw:transform-message doc:name="Transform Message">
			<dw:input-payload doc:sample="ApiManagerApplicationDetails.json" mimeType="application/json"/>
			<dw:set-variable variableName="apiManagerApps"><![CDATA[%dw 1.0
%output application/java
---
{
	"apiList": (payload.assets map ((asset, indexOfAsset)-> {
	(asset.apis map ((apis, indexOfApis)-> {
			
			"apiName": apis.assetId,
			"apiId": apis.id,
			"autodiscoveryInstanceName": apis.autodiscoveryInstanceName,
			"lastActiveDate": apis.lastActiveDate,
			"assetVersion":apis.assetVersion,
			"productVersion":apis.productVersion,
			"createdDate": apis.audit.created.date,
			"updatedDate":apis.audit.updated.date
		})),
		"autodiscoveryApiName": asset.autodiscoveryApiName
	}))
}]]></dw:set-variable>
		</dw:transform-message>
		<async processingStrategy="Asynchronous_Processing_Strategy" doc:name="Async">
			<dw:transform-message doc:name="Transform Message">
				<dw:set-payload><![CDATA[%dw 1.0
%output application/csv header=true
 
---
flowVars.apiManagerApps.apiList map ((value, indexOfValue)-> {
	APIName:value.apiName,
	AutodiscoveryInstanceName:value.autodiscoveryInstanceName,
	AutodiscoveryApiName:value.autodiscoveryApiName,
	ProductVersion:value.productVersion,
	LastActiveDate:value.lastActiveDate,
	CreatedDate:value.createdDate,
	UpdatedDate:value.updatedDate
})]]></dw:set-payload>
			</dw:transform-message>
			<file:outbound-endpoint path="${FilePath}" outputPattern="APIManagerApplicationDetails.csv" connector-ref="File" responseTimeout="10000" doc:name="File"/>
		</async>
		<http:request config-ref="HTTP_Request_Configuration" path="/apimanager/api/v1/organizations/80b9d969-5f1f-4d34-9e3d-9318f1ad915a/policy-templates" method="GET" doc:name="policyTemplates">
			<http:request-builder>
				<http:header headerName="Content-Type" value="application/json"/>
				<http:header headerName="Authorization" value="#[flowVars.access_token]"/>
			</http:request-builder>
		</http:request>
		<dw:transform-message doc:name="Transform Message">
			<dw:set-variable variableName="policyDetails"><![CDATA[%dw 1.0
%output application/json
---
payload map ((value, indexOfValue)-> {
	
	policyName: value.name,
	policyId: value.id,
	category: value.category when value.category != null otherwise "",
	gatewayCompatibility: value.gatewayCompatibility,
	supportedPoliciesVersions: value.supportedPoliciesVersions
	
})
]]></dw:set-variable>
			<dw:set-variable variableName="combinedData"><![CDATA[%dw 1.0
%output application/java
---
[]]]></dw:set-variable>
		</dw:transform-message>
		<foreach collection="#[flowVars.apiManagerApps.apiList]" doc:name="For Each">
			<logger message="In foreach=====#[payload]" level="INFO" doc:name="Logger"/>
			<message-properties-transformer scope="invocation" doc:name="Message Properties">
				<add-message-property key="apiName" value="#[payload.apiName]"/>
				<add-message-property key="apiId" value="#[payload.apiId]"/>
			</message-properties-transformer>
			<dw:transform-message doc:name="Transform Message">
				<dw:set-variable variableName="policyDetailsUrl"><![CDATA[%dw 1.0
%output application/java
---
"/apimanager/api/v1/organizations/80b9d969-5f1f-4d34-9e3d-9318f1ad915a/environments/" ++ flowVars.envid ++ "/apis/" ++ flowVars.apiId]]></dw:set-variable>
			</dw:transform-message>
			<http:request config-ref="PolicyDetails" path="/policies" method="GET" doc:name="PolicyDetails">
				<http:request-builder>
					<http:query-param paramName="fullInfo" value="false"/>
					<http:header headerName="Content-Type" value="application/json"/>
					<http:header headerName="Authorization" value="#[flowVars.access_token]"/>
				</http:request-builder>
			</http:request>
			<dw:transform-message doc:name="Transform Message">
				<dw:input-payload doc:sample="sample_data\json.json" mimeType="application/json"/>
				<dw:set-payload><![CDATA[%dw 1.0
%output application/java
---
payload map ((value, indexOfValue)-> {
	(apiName: flowVars.apiName) when flowVars.apiId == value.apiId,
	apiId: value.apiId,
	policyName: flatten (flowVars.policyDetails map ((policyDetails, indexOfpolicyDetails)-> {
		(policyName: policyDetails.policyName) when policyDetails.policyId as :string == value.policyTemplateId
		
	} filter policyDetails!={})) reduce $$,
	policyId: value.id,
	policyTemplateId: value.policyTemplateId,
	policyStatus: "Disabled" when value.disabled == true otherwise "enabled",
	policyCreatedDate: value.audit.created.date,
	policyUpdatedDate: value.audit.updated.date
	
})]]></dw:set-payload>
			</dw:transform-message>
			<expression-component doc:name="Expression"><![CDATA[flowVars.combinedData.add(payload)]]></expression-component>
			<logger level="INFO" doc:name="Logger" message="At the end of foreach #[payload]"/>
		</foreach>
		<dw:transform-message doc:name="Transform Message">
			<dw:set-payload><![CDATA[%dw 1.0
%output application/java
---
flatten flowVars.combinedData]]></dw:set-payload>
		</dw:transform-message>
		<dw:transform-message doc:name="Transform Message">
			<dw:input-payload doc:sample="sample_data\json_2.json"/>
			<dw:set-payload><![CDATA[%dw 1.0
%output application/csv header=true
---
payload map ((data, indexofdata) -> {
	ApplicationName:data.apiName,
	PolicyName:data.policyName,
	PolicyStatus:data.policyStatus,
	PolicyCreatedDate:data.policyCreatedDate,
	PolicyUpdatedDate: data.policyUpdatedDate
})
]]></dw:set-payload>
		</dw:transform-message>
		<file:outbound-endpoint path="${FilePath}" outputPattern="policyDetails.csv" connector-ref="File" responseTimeout="10000" doc:name="File"/>
		<logger level="INFO" doc:name="Logger"/>
	</flow>
</mule>
